ACTUAL_COMPLETION_ORDER,ACTUAL_FDTD_UPDATES,ADJOINT_FIELD_SAMPLES,ADJOINT_RUN_TIME_MEEP_UNITS,ADJOINT_S,ADJOINT_STEPS,AFTER_SOURCES_TIME_MEEP_UNITS,CPU_AFFINITY,DECAY_BY,DECAY_CHECK_INTERVAL,DT,EVAL_TOTAL_S,EXECUTION_ORDER,FOM,FORWARD_ACTUAL_TIME_MEEP_UNITS,FORWARD_CAP_HIT,FORWARD_FIELD_SAMPLES,FORWARD_S,FORWARD_STEPS,GRADIENT_OUTPUT_PATH,GRAD_COSINE_VS_INTERVAL1,GRAD_NORM,GRAD_REL_L2_ERROR_VS_INTERVAL1,ITERATION_TOTAL_S,LOG_FILE,LOG_MTIME_UTC,MACHINE_NAME,MAXIMUM_RUN_TIME,MAXRSS_MB,METHOD,MINIMUM_RUN_TIME,Meep progress: 14.88/70.03500366210938,Meep progress: 15.13/70.03500366210938,Meep progress: 15.19/70.03500366210938,Meep progress: 15.315/70.03500366210938,Meep progress: 17.005/70.03500366210938,Meep progress: 19.3/70.03500366210938,Meep progress: 19.38/70.03500366210938,Meep progress: 19.56/70.03500366210938,Meep progress: 19.6/70.03500366210938,Meep progress: 21.755/70.03500366210938,Meep progress: 22.22/70.03500366210938,Meep progress: 22.43/70.03500366210938,Meep progress: 22.68/70.03500366210938,Meep progress: 22.78/70.03500366210938,Meep progress: 22.845/70.03500366210938,Meep progress: 23.345/70.03500366210938,Meep progress: 24.075/70.03500366210938,Meep progress: 24.41/70.03500366210938,Meep progress: 24.705000000000002/70.03500366210938,Meep progress: 24.96/70.03500366210938,Meep progress: 25.3/70.03500366210938,Meep progress: 25.51/70.03500366210938,Meep progress: 25.88/70.03500366210938,Meep progress: 25.93/70.03500366210938,Meep progress: 25.995/70.03500366210938,Meep progress: 26.005/70.03500366210938,Meep progress: 26.145/70.03500366210938,Meep progress: 26.19/70.03500366210938,Meep progress: 26.32/70.03500366210938,Meep progress: 26.325/70.03500366210938,Meep progress: 26.405/70.03500366210938,Meep progress: 26.595/70.03500366210938,Meep progress: 26.605/70.03500366210938,Meep progress: 26.830000000000002/70.03500366210938,Meep progress: 26.935000000000002/70.03500366210938,Meep progress: 28.64/70.03500366210938,Meep progress: 28.705000000000002/70.03500366210938,Meep progress: 29.23/70.03500366210938,Meep progress: 29.41/70.03500366210938,Meep progress: 29.895/70.03500366210938,Meep progress: 30.45/70.03500366210938,Meep progress: 30.475/70.03500366210938,Meep progress: 30.605/70.03500366210938,Meep progress: 32.42/70.03500366210938,Meep progress: 38.85/70.03500366210938,Meep progress: 38.875/70.03500366210938,Meep progress: 40.25/70.03500366210938,Meep progress: 41.57/70.03500366210938,Meep progress: 42.11/70.03500366210938,Meep progress: 44.050000000000004/70.03500366210938,Meep progress: 44.97/70.03500366210938,Meep progress: 45.285000000000004/70.03500366210938,Meep progress: 45.58/70.03500366210938,Meep progress: 45.715/70.03500366210938,Meep progress: 45.735/70.03500366210938,Meep progress: 45.845/70.03500366210938,Meep progress: 45.985/70.03500366210938,Meep progress: 46.855000000000004/70.03500366210938,Meep progress: 47.345/70.03500366210938,Meep progress: 47.92/70.03500366210938,Meep progress: 47.925000000000004/70.03500366210938,Meep progress: 48.765/70.03500366210938,Meep progress: 49.39/70.03500366210938,Meep progress: 49.59/70.03500366210938,Meep progress: 49.980000000000004/70.03500366210938,Meep progress: 50.555/70.03500366210938,Meep progress: 51.27/70.03500366210938,Meep progress: 51.815/70.03500366210938,Meep progress: 51.870000000000005/70.03500366210938,Meep progress: 51.89/70.03500366210938,Meep progress: 52.13/70.03500366210938,Meep progress: 52.2/70.03500366210938,Meep progress: 52.27/70.03500366210938,Meep progress: 52.615/70.03500366210938,Meep progress: 52.795/70.03500366210938,Meep progress: 52.800000000000004/70.03500366210938,Meep progress: 52.915/70.03500366210938,Meep progress: 53.5/70.03500366210938,Meep progress: 53.695/70.03500366210938,Meep progress: 54.675000000000004/70.03500366210938,Meep progress: 54.81/70.03500366210938,Meep progress: 54.865/70.03500366210938,Meep progress: 56.01/70.03500366210938,Meep progress: 58.475/70.03500366210938,Meep progress: 59.725/70.03500366210938,Meep progress: 60.53/70.03500366210938,Meep progress: 60.75/70.03500366210938,Meep progress: 60.86/70.03500366210938,Meep progress: 60.895/70.03500366210938,Meep progress: 61.1/70.03500366210938,Meep progress: 61.13/70.03500366210938,Meep progress: 61.505/70.03500366210938,Meep progress: 63.245000000000005/70.03500366210938,Meep progress: 67.87/70.03500366210938,Meep progress: 68.47/70.03500366210938,Meep progress: 69.04/70.03500366210938,Meep progress: 69.555/70.03500366210938,NATIVE_SAMPLER_AVAILABLE,NUM_THREADS,PYTHON_VERSION,REPETITION,SAMPLING_INTERVAL,TERMINATION,"block, center",field decay(t,on time step 10065 (time,on time step 10114 (time,on time step 10122 (time,on time step 10257 (time,on time step 10329 (time,on time step 10366 (time,on time step 10377 (time,on time step 10381 (time,on time step 10429 (time,on time step 10443 (time,on time step 10457 (time,on time step 10500 (time,on time step 10524 (time,on time step 10525 (time,on time step 10562 (time,on time step 10563 (time,on time step 10585 (time,on time step 10613 (time,on time step 10646 (time,on time step 10662 (time,on time step 10704 (time,on time step 10741 (time,on time step 10745 (time,on time step 10822 (time,on time step 10939 (time,on time step 10954 (time,on time step 10962 (time,on time step 10965 (time,on time step 10976 (time,on time step 10988 (time,on time step 11026 (time,on time step 11066 (time,on time step 11120 (time,on time step 11130 (time,on time step 11174 (time,on time step 11204 (time,on time step 11205 (time,on time step 11267 (time,on time step 11314 (time,on time step 11697 (time,on time step 11708 (time,on time step 11839 (time,on time step 11948 (time,on time step 12083 (time,on time step 12109 (time,on time step 12152 (time,on time step 12153 (time,on time step 12174 (time,on time step 12181 (time,on time step 12193 (time,on time step 12223 (time,on time step 12227 (time,on time step 12257 (time,on time step 12303 (time,on time step 12444 (time,on time step 12478 (time,on time step 12526 (time,on time step 12555 (time,on time step 12650 (time,on time step 12693 (time,on time step 13004 (time,on time step 13169 (time,on time step 13174 (time,on time step 13319 (time,on time step 13576 (time,on time step 13697 (time,on time step 13809 (time,on time step 13913 (time,on time step 2978 (time,on time step 3028 (time,on time step 3039 (time,on time step 3064 (time,on time step 3222 (time,on time step 3249 (time,on time step 3257 (time,on time step 3295 (time,on time step 3304 (time,on time step 3402 (time,on time step 3862 (time,on time step 3878 (time,on time step 3914 (time,on time step 3922 (time,on time step 4007 (time,on time step 4170 (time,on time step 4176 (time,on time step 4179 (time,on time step 4180 (time,on time step 4353 (time,on time step 4447 (time,on time step 4488 (time,on time step 4538 (time,on time step 4558 (time,on time step 4572 (time,on time step 4672 (time,on time step 4736 (time,on time step 4804 (time,on time step 4817 (time,on time step 4841 (time,on time step 4868 (time,on time step 4885 (time,on time step 4915 (time,on time step 4925 (time,on time step 4944 (time,on time step 4994 (time,on time step 5063 (time,on time step 5065 (time,on time step 5081 (time,on time step 5105 (time,on time step 5179 (time,on time step 5189 (time,on time step 5201 (time,on time step 5204 (time,on time step 5211 (time,on time step 5232 (time,on time step 5240 (time,on time step 5266 (time,on time step 5268 (time,on time step 5278 (time,on time step 5284 (time,on time step 5298 (time,on time step 5322 (time,on time step 5323 (time,on time step 5324 (time,on time step 5364 (time,on time step 5370 (time,on time step 5390 (time,on time step 5425 (time,on time step 5459 (time,on time step 5472 (time,on time step 5478 (time,on time step 5488 (time,on time step 5524 (time,on time step 5532 (time,on time step 5550 (time,on time step 5563 (time,on time step 5564 (time,on time step 5588 (time,on time step 5609 (time,on time step 5731 (time,on time step 5744 (time,on time step 5849 (time,on time step 5884 (time,on time step 5961 (time,on time step 5981 (time,on time step 5991 (time,on time step 6091 (time,on time step 6097 (time,on time step 6122 (time,on time step 6356 (time,on time step 6398 (time,on time step 6421 (time,on time step 6458 (time,on time step 6485 (time,on time step 6498 (time,on time step 6576 (time,on time step 6926 (time,on time step 7772 (time,on time step 7777 (time,on time step 8053 (time,on time step 8212 (time,on time step 8317 (time,on time step 8332 (time,on time step 8370 (time,on time step 8379 (time,on time step 8390 (time,on time step 8424 (time,on time step 8812 (time,on time step 8996 (time,on time step 9059 (time,on time step 9118 (time,on time step 9146 (time,on time step 9149 (time,on time step 9170 (time,on time step 9199 (time,on time step 9375 (time,on time step 9472 (time,on time step 9492 (time,on time step 9530 (time,on time step 9585 (time,on time step 9588 (time,on time step 9619 (time,on time step 9675 (time,on time step 9733 (time,on time step 9756 (time,on time step 9795 (time,on time step 9881 (time,on time step 9922 (time,on time step 9974 (time,on time step 9999 (time,run 0 finished at t,time for choose_chunkdivision,time for set_epsilon
1,14007,876,70.03500366210938,10.687506952999684,14008,50.0,8,0.0001,10.0,0.005,20.728354327999114,1,0.24546866593449115,70.03500366210938,0,876,10.04084737499943,14008,td_sampling_convergence_sweep/gradients/interval_016/rep01.npy,0.9257108149257343,0.04544627336960829,0.37823885681977387,20.823771505001787,td_sampling_convergence_sweep/logs/interval_016/rep01.log,2026-08-09T09:49:31.557699+00:00,DESKTOP-T9UAKPN,2000.0,219.17578125,time-domain,67.5,,,,,,,,,,,,,,,,,,,,,,,,,,,,,,,,,,"38.3% done in 4.0s, 6.4s to go",,,,,,,,,,,,,,,,,,,,,,,,,,,,,,,,,,,,,,,,,,,,"76.4% done in 8.0s, 2.5s to go",,,,,,,,,,,,,,,,,,,,1,1,3.9.23,1,16,moderate,"(0,-1.65,0)",70.035): 6.213486703206159e-09 / 0.3082529391627392 = 2.0157104487252943e-08,,,,,,,,,,,,,,,,,,,,,"53.52), 0.000750127 s/step",,,,,,,,,,,,,,,,,,,,,,,,,,,,,"60.965), 0.000697489 s/step",,,,,,,,,,,,,,,,,,,,,,,,,,,,,,,,,,,,,,,,,,,,,,,,,,,,,,,,,,,,,,,,,,,,,,,,,,,"26.85), 0.000745001 s/step",,,,,,,,,,,,,,,,,,,,,,,,,,,"32.29), 0.000619457 s/step",,,,,,,,,,,,,,,,,,,,,,,,,,,,,,,,,,,,,,70.035 (14007 timesteps),0.000224113 s,0.202542 s
2,14007,3502,70.03500366210938,12.413320420000673,14008,50.0,8,0.0001,10.0,0.005,23.945885843000724,2,0.24546866593449115,70.03500366210938,0,3502,11.532565423000051,14008,td_sampling_convergence_sweep/gradients/interval_004/rep01.npy,0.9854065008104876,0.04981527950956413,0.17231625371230622,24.100007605000428,td_sampling_convergence_sweep/logs/interval_004/rep01.log,2026-08-09T09:49:55.425186+00:00,DESKTOP-T9UAKPN,2000.0,520.80078125,time-domain,67.5,,,,,,,,,,,,,,,,,,,,,,,,,,,,,,,"37.7% done in 4.0s, 6.6s to go",,,,,,,,,,,,,,,,,,,,,,,,,,,,,,,,,"70.8% done in 8.0s, 3.3s to go",,,,,,,,,,,,,,,,,,,,,,,,,,,,,,,,,,1,1,3.9.23,1,4,moderate,"(0,-1.65,0)",70.035): 6.213486703206159e-09 / 0.3082529391627392 = 2.0157104487252943e-08,,,,,,,,,,,,,,,,,,,,,,,,,,,,,,,,,,,,,,,,,,,,,,,,,,,,,,,,,,,,,,,,,,,,,,,,,,,,,,,,,,,,,,,,,,,,,,,,,,,,,,"24.625), 0.000812202 s/step",,,,,,,,,,,,,,,,,"26.42), 0.000757234 s/step",,,,,,,,,,,,,,,,,,,,,,,,,,,,,,,,,,,,,,,,,,,,,,,,,,,,,,,,,,,,,,,,,,,"49.405), 0.000807163 s/step","49.61), 0.00086258 s/step",,,70.035 (14007 timesteps),0.000218868 s,0.197219 s
3,14007,584,70.03500366210938,10.785747262998484,14008,50.0,8,0.0001,10.0,0.005,21.31734817799952,3,0.24546866593449115,70.03500366210938,0,584,10.531600915001036,14008,td_sampling_convergence_sweep/gradients/interval_024/rep01.npy,0.7045934085755273,0.04014308905531952,0.7182544172819201,21.395576984999934,td_sampling_convergence_sweep/logs/interval_024/rep01.log,2026-08-09T09:50:16.573120+00:00,DESKTOP-T9UAKPN,2000.0,186.12109375,time-domain,67.5,,,,,,,,,,,,,,,,,,,,,,,,,,,,,,,,,,,"38.5% done in 4.0s, 6.4s to go",,,,,,,,,,,,,,,,,,,,,,,,,,,,,,,,,,,,,,,,,,"75.6% done in 8.0s, 2.6s to go",,,,,,,,,,,,,,,,,,,,,1,1,3.9.23,1,24,moderate,"(0,-1.65,0)",70.035): 6.213486703206159e-09 / 0.3082529391627392 = 2.0157104487252943e-08,,,,,,,,,,,,,,,,,"52.925), 0.000770015 s/step","53.065), 0.00068862 s/step",,,,,,,,,,,,,,,,,,,,,,,,,,,,,,,,,,,,,,,,,,,,,,,,,,,,,,,,,,,,,,,,,,,,,,,,,,,,,,"24.02), 0.00083276 s/step",,,,,,,,,,,,,,,,,,,,,,,,,,,,,,"26.95), 0.000742231 s/step",,,,,,,,,,,,,,,,,,,,,,,,,,,,,,,,,,,,,,,,,,,,,,,,,,,,,,,,,,,,,,,,70.035 (14007 timesteps),0.000225067 s,0.201458 s
4,14007,1168,70.03500366210938,10.958350864999375,14008,50.0,8,0.0001,10.0,0.005,21.20290208899678,4,0.24546866593449115,70.03500366210938,0,1168,10.244551223997405,14008,td_sampling_convergence_sweep/gradients/interval_012/rep01.npy,0.9854554965893809,0.046764457692151117,0.17354682324691106,21.29241155699856,td_sampling_convergence_sweep/logs/interval_012/rep01.log,2026-08-09T09:50:38.190627+00:00,DESKTOP-T9UAKPN,2000.0,253.65625,time-domain,67.5,,,,,,,,,,,,,,,,,,,,,,,,,,,"37.3% done in 4.0s, 6.7s to go",,,,,,,,,,,,,,,,,,,,,,,,,,,,,,,,,,,,,,,,,,,,,"74.5% done in 8.0s, 2.7s to go",,,,,,,,,,,,,,,,,,,,,,,,,,1,1,3.9.23,1,12,moderate,"(0,-1.65,0)",70.035): 6.213486703206159e-09 / 0.3082529391627392 = 2.0157104487252943e-08,,,,,,,,,,"52.215), 0.00076765 s/step",,,,,,,,,,,,,,,,,,,,,,,,,"55.87), 0.000713032 s/step",,,,,,,,,,,,,,,,,,,,,,,,,,,,,,,,,,,,,,,,,,,,,,,,,,,,,,,,,,,,,,,,,,,,,,,,,,,,,,,"26.16), 0.000764648 s/step",,,,,,,,,,,,,,,,,,,,,,"27.82), 0.000718993 s/step",,,,,,,,,,,,,,,,,,,,,,,,,,,,,,,,,,,,,,,,,,,,,,,,,,,,,,70.035 (14007 timesteps),0.000224829 s,0.200958 s
5,14007,14008,70.03500366210938,18.674368252999557,14008,50.0,8,0.0001,10.0,0.005,36.50539081500028,5,0.24546866593449115,70.03500366210938,0,14008,17.831022562000726,14008,td_sampling_convergence_sweep/gradients/interval_001/rep01.npy,1.0,0.04921397704018253,0.0,36.9338576730006,td_sampling_convergence_sweep/logs/interval_001/rep01.log,2026-08-09T09:51:14.900227+00:00,DESKTOP-T9UAKPN,2000.0,1727.234375,time-domain,67.5,,,"21.7% done in 4.0s, 14.4s to go",,,,,,,,,,,,,,,,,,,,,,,,,,,,,,,,,,,,,,"43.5% done in 8.0s, 10.4s to go",,,,,,,,,,,,"65.1% done in 12.0s, 6.4s to go",,,,,,,,,,,,,,,,,,,,,,,,,,,,,,,,,,"86.7% done in 16.0s, 2.4s to go",,,,,,,,,,,1,1,3.9.23,1,1,moderate,"(0,-1.65,0)",70.035): 6.213486703206159e-09 / 0.3082529391627392 = 2.0157104487252943e-08,,,,,,,,,,,,,,,,,,,,,,,,,,,,,,,,,,,,,,,,,,,,,,"60.76), 0.00131848 s/step",,,,,,,,,,,,,,,,,"65.87), 0.00125036 s/step",,,,,,,,"15.195), 0.00131633 s/step",,,"16.245), 0.0012313 s/step",,,,,,,,,,,,,,,,,,,,,,,,,,,,,,,,,,,,,,,,,,,,,,,,,,,,,,,,,,,,,,,,,,,,,,,,"30.455), 0.00131075 s/step",,,"31.78), 0.00128777 s/step",,,,,,,,,,,,,,,,,,,,,"45.59), 0.00132185 s/step",,,,,,,,,,,,,,,,,,"49.87), 0.00110564 s/step",,70.035 (14007 timesteps),0.000234842 s,0.206479 s
6,14007,1751,70.03500366210938,11.696874043998832,14008,50.0,8,0.0001,10.0,0.005,22.78523850700003,6,0.24546866593449115,70.03500366210938,0,1751,11.088364463001199,14008,td_sampling_convergence_sweep/gradients/interval_008/rep01.npy,0.9255610519602269,0.05003194403488025,0.3893951523907043,22.894901998999558,td_sampling_convergence_sweep/logs/interval_008/rep01.log,2026-08-09T09:51:37.573347+00:00,DESKTOP-T9UAKPN,2000.0,320.43359375,time-domain,67.5,,,,,,,,,,,,,,,,,,"34.9% done in 4.0s, 7.5s to go",,,,,,,,,,,,,,,,,,,,,,,,,,,,,,,,,,,,,,,,,,,,"69.6% done in 8.0s, 3.5s to go",,,,,,,,,,,,,,,,,,,,,,,,,,,,,,,,,,,,1,1,3.9.23,1,8,moderate,"(0,-1.65,0)",70.035): 6.213486703206159e-09 / 0.3082529391627392 = 2.0157104487252943e-08,,,,,,,,,,,,,,,,,,,,,,,,,,,,,,"54.94), 0.000675347 s/step",,,,,,,,,,,,,,,,,,,,,,,,,,,,,,,,,,,,,,,,,,,,,,,,,,,,,,,,,,,,,,,,,,,,,,"24.425), 0.000818946 s/step",,,,,,"25.325), 0.000789871 s/step",,,,,,,,,,,,,,,,,,,,,,,,,,,,,,,,,,,,,,,,,,,,,,,,,,,,,,,,,,,,,,,,,,,,,,,,,,,,,,"48.78), 0.000821306 s/step",,,,,,70.035 (14007 timesteps),0.000224113 s,0.20161 s
7,14007,701,70.03500366210938,11.118417787998624,14008,50.0,8,0.0001,10.0,0.005,21.43505050499516,7,0.24546866593449115,70.03500366210938,0,701,10.316632716996537,14008,td_sampling_convergence_sweep/gradients/interval_020/rep01.npy,0.9258300361568527,0.04217545079312086,0.38416000943139705,21.518015350000496,td_sampling_convergence_sweep/logs/interval_020/rep01.log,2026-08-09T09:51:58.867276+00:00,DESKTOP-T9UAKPN,2000.0,199.984375,time-domain,67.5,,,,,,,,,,,,,,,,,,,,,,,,,,,,,,,,,,,,,,"41.7% done in 4.0s, 5.6s to go",,,,,,,,,,,,,,,,,,,,,,,,,,,,,,,,,,,,,,,,,,,,"78.3% done in 8.0s, 2.2s to go",,,,,,,,,,,,,,,,1,1,3.9.23,1,20,moderate,"(0,-1.65,0)",70.035): 6.213486703206159e-09 / 0.3082529391627392 = 2.0157104487252943e-08,,,,,,,,,,,,,,,,,,,,,,,,,,,,,"54.88), 0.000780298 s/step",,,"55.33), 0.000715937 s/step",,,,,,,,,,,,,,,,,,,,,,,,,,,,,,,,,,,,,,,,,,,,,,,,,,,,,,,,,,,,,,,,,,,,,,,,,,,,,,,,,,,,,,,,,,,,,,,,,,"27.39), 0.000730304 s/step",,,,,,,,,,,"29.245), 0.000683979 s/step",,,,,,,,,,,,,,,,,,,,,,,,,,,,,,,,,,,,,,,,,,,,,,,,,70.035 (14007 timesteps),0.000221968 s,0.201902 s
8,14007,7004,70.03500366210938,14.722479949999979,14008,50.0,8,0.0001,10.0,0.005,28.411842671001068,8,0.24546866593449115,70.03500366210938,0,7004,13.689362721001089,14008,td_sampling_convergence_sweep/gradients/interval_002/rep01.npy,0.9983316601007743,0.04944656130357274,0.05809288911194627,28.658369093998772,td_sampling_convergence_sweep/logs/interval_002/rep01.log,2026-08-09T09:52:27.296624+00:00,DESKTOP-T9UAKPN,2000.0,922.5390625,time-domain,67.5,,,,,,,"27.7% done in 4.0s, 10.5s to go",,,,,,,,,,,,,,,,,,,,,,,,,,,,,,,,,,,,,,"55.5% done in 8.0s, 6.4s to go",,,,,,,,,,,,,,,,,,,,,,,,,,,,,,,,,,,,,,,,,,,"86.9% done in 12.0s, 1.8s to go",,,,,,,,,,1,1,3.9.23,1,2,moderate,"(0,-1.65,0)",70.035): 6.213486703206159e-09 / 0.3082529391627392 = 2.0157104487252943e-08,,,,,,,,,,,,,,,,,,,,,,,,,,,,,,,,,,,,,,,,,,,,,,,,"60.87), 0.00090889 s/step",,,,,,,,"62.39), 0.000973719 s/step",,,,,,,,,,,,,,,,,,,,,,,,"19.39), 0.00103156 s/step",,,,,,,"20.9), 0.000957093 s/step",,,,,,,,,,,,,,,,,,,,,,,,,,,,,,,,,,,,,,,,,,,,,,,,,,,,,,,,,,,,,,,,,,,,,,"38.86), 0.00102738 s/step",,,,,,"41.85), 0.000954748 s/step",,,,,,,,,,,,,,,,,,,,,,,,,,,70.035 (14007 timesteps),0.000225782 s,0.196287 s
9,14007,1168,70.03500366210938,11.438262517000112,14008,50.0,8,0.0001,10.0,0.005,22.138222733003204,9,0.24546866593449115,70.03500366210938,0,1168,10.699960216003092,14008,td_sampling_convergence_sweep/gradients/interval_012/rep02.npy,0.9854554965893809,0.046764457692151117,0.17354682324691106,22.236482996999257,td_sampling_convergence_sweep/logs/interval_012/rep02.log,2026-08-09T09:52:49.854094+00:00,DESKTOP-T9UAKPN,2000.0,253.07421875,time-domain,67.5,,,,,,,,,,,,,,,,,,,,"35.6% done in 4.0s, 7.2s to go",,,,,,,,,,,,,,,,,,,,,,,,,,,,,,,,,,,,,,,,,,,,,"71.4% done in 8.0s, 3.2s to go",,,,,,,,,,,,,,,,,,,,,,,,,,,,,,,,,1,1,3.9.23,2,12,moderate,"(0,-1.65,0)",70.035): 6.213486703206159e-09 / 0.3082529391627392 = 2.0157104487252943e-08,,,,,,,,,,,,,,,,,,,"53.23), 0.000745174 s/step",,,,,,,,,,,,,,,,,,,,,,,,,,,,,,,,,,,,,,,,,,,,,,,,,,,,,,,,,,,,,,,,,,,,,,,,,,,,,,,,,,,,,"24.97), 0.000801077 s/step",,,,,,,,,,,,,,"26.39), 0.000757986 s/step",,,,,,,,,,,,,,,,,,,,,,,,,,,,,,,,,,,,,,,,,,,,,,,,,,,,,,,,,,,,,,,,,,,,,,,"49.995), 0.000799295 s/step",70.035 (14007 timesteps),0.000225067 s,0.207171 s
10,14007,14008,70.03500366210938,18.54974482200123,14008,50.0,8,0.0001,10.0,0.005,36.17733781700008,10,0.24546866593449115,70.03500366210938,0,14008,17.62759299499885,14008,td_sampling_convergence_sweep/gradients/interval_001/rep02.npy,1.0,0.04921397704018253,0.0,36.60630663900156,td_sampling_convergence_sweep/logs/interval_001/rep02.log,2026-08-09T09:53:26.248331+00:00,DESKTOP-T9UAKPN,2000.0,1726.92578125,time-domain,67.5,,,,"21.9% done in 4.0s, 14.3s to go",,,,,,,,,,,,,,,,,,,,,,,,,,,,,,,,,,,,,,,"43.7% done in 8.0s, 10.3s to go",,,,,,,,,,,,,"65.5% done in 12.0s, 6.3s to go",,,,,,,,,,,,,,,,,,,,,,,,,,,,,,,,,,,"87.3% done in 16.0s, 2.3s to go",,,,,,,1,1,3.9.23,2,1,moderate,"(0,-1.65,0)",70.035): 6.213486703206159e-09 / 0.3082529391627392 = 2.0157104487252943e-08,,,"50.61), 0.0012516 s/step",,,,,,,,,,,,,,,,,,,,,,,,,,,,,,,,,,,,,,,,,,,,,,,,,"61.135), 0.00130867 s/step",,,,,,,,,,,,"66.595), 0.00125152 s/step",,,,,,,,"15.32), 0.00130549 s/step",,,,"16.475), 0.00121425 s/step",,,,,,,,,,,,,,,,,,,,,,,,,,,,,,,,,,,,,,,,,,,,,,,,,,,,,,,,,,,,,,,,,,,,,,,,"30.61), 0.00130835 s/step",,,,,,,,"34.63), 0.00110197 s/step",,,,,,,,,,,,,,,,,"45.85), 0.00131257 s/step",,,,,,,,,,,,,,,,,70.035 (14007 timesteps),0.000227928 s,0.200426 s
11,14007,1751,70.03500366210938,11.913616679998086,14008,50.0,8,0.0001,10.0,0.005,22.74588910699822,11,0.24546866593449115,70.03500366210938,0,1751,10.832272427000134,14008,td_sampling_convergence_sweep/gradients/interval_008/rep02.npy,0.9255610519602269,0.05003194403488025,0.3893951523907043,22.855534588998125,td_sampling_convergence_sweep/logs/interval_008/rep02.log,2026-08-09T09:53:48.884303+00:00,DESKTOP-T9UAKPN,2000.0,319.4375,time-domain,67.5,,,,,,,,,,,,,,,,,"34.4% done in 4.0s, 7.6s to go",,,,,,,,,,,,,,,,,,,,,,,,,,,,,,,,,,,,,,,,,,,,"68.4% done in 8.0s, 3.7s to go",,,,,,,,,,,,,,,,,,,,,,,,,,,,,,,,,,,,,1,1,3.9.23,2,8,moderate,"(0,-1.65,0)",70.035): 6.213486703206159e-09 / 0.3082529391627392 = 2.0157104487252943e-08,,,,,,,,,,,,,,,,,,,,,,,,,,,,,,,,,,,,,,"56.335), 0.000758252 s/step",,,,,,,,,,,,,,,,,,,,,,,,,,,,,,,,,,,,,,,,,,,,,,,,,,,,,,,,,,,"24.085), 0.00083042 s/step",,,,,,,,,,,,,,,,,,,,,,,,,,,,,,,,,,,,,,,,,,,,,,,,"29.955), 0.00066775 s/step",,,,,,,,,,,,,,,,,,,,,,,,,,,,,,,,,,,"47.94), 0.000838539 s/step",,,,,,,,,,70.035 (14007 timesteps),0.000242949 s,0.197366 s
12,14007,701,70.03500366210938,10.917211300999043,14008,50.0,8,0.0001,10.0,0.005,21.147962489998463,12,0.24546866593449115,70.03500366210938,0,701,10.23075118899942,14008,td_sampling_convergence_sweep/gradients/interval_020/rep02.npy,0.9258300361568527,0.04217545079312086,0.38416000943139705,21.23229698400246,td_sampling_convergence_sweep/logs/interval_020/rep02.log,2026-08-09T09:54:09.888046+00:00,DESKTOP-T9UAKPN,2000.0,199.60546875,time-domain,67.5,,,,,,,,,,,,,,,,,,,,,,,,,,,,,,,,,,,,,,,,"42.7% done in 4.0s, 5.4s to go",,,,,,,,,,,,,,,,,,,,,,,,,,,,,,,,,,,,,,,,,,,"80.0% done in 8.0s, 2.0s to go",,,,,,,,,,,,,,,1,1,3.9.23,2,20,moderate,"(0,-1.65,0)",70.035): 6.213486703206159e-09 / 0.3082529391627392 = 2.0157104487252943e-08,,,,,,,,,,,,,,,,,,,,,,,,,,,,,,,,,,,"55.87), 0.000712911 s/step",,"56.025), 0.00076578 s/step",,,,,,,,,,,,,,,,,,,,,,,,,,,,,,,,,,,,,,,,,,,,,,,,,,,,,,,,,,,,,,,,,,,,,,,,,,,,,,,,,,,,,,,,,,,,,,,,,,"27.815), 0.000719121 s/step",,,,,,,,,"29.905), 0.000668882 s/step",,,,,,,,,,,,,,,,,,,,,,,,,,,,,,,,,,,,,,,,,,,,,,70.035 (14007 timesteps),0.000226021 s,0.198971 s
13,14007,876,70.03500366210938,11.002527185999497,14008,50.0,8,0.0001,10.0,0.005,21.265438039998116,13,0.24546866593449115,70.03500366210938,0,876,10.26291085399862,14008,td_sampling_convergence_sweep/gradients/interval_016/rep02.npy,0.9257108149257343,0.04544627336960829,0.37823885681977387,21.35223588000008,td_sampling_convergence_sweep/logs/interval_016/rep02.log,2026-08-09T09:54:31.561090+00:00,DESKTOP-T9UAKPN,2000.0,219.9375,time-domain,67.5,,,,,,,,,,,,,,,,,,,,,,,"37.0% done in 4.0s, 6.8s to go",,,,,,,,,,,,,,,,,,,,,,,,,,,,,,,,,,,,,,,,,,,,,"74.0% done in 8.0s, 2.8s to go",,,,,,,,,,,,,,,,,,,,,,,,,,,,,,1,1,3.9.23,2,16,moderate,"(0,-1.65,0)",70.035): 6.213486703206159e-09 / 0.3082529391627392 = 2.0157104487252943e-08,,,,,,"51.83), 0.000771243 s/step",,,,,,,,,,,,,,,,,,,,,,,,,,,,"55.65), 0.00071455 s/step",,,,,,,,,,,,,,,,,,,,,,,,,,,,,,,,,,,,,,,,,,,,,,,,,,,,,,,,,,,,,,,,,,,,,,,,,,,"25.895), 0.000772427 s/step",,,,,,,,,,,,,,,,,,,,,,,,"27.66), 0.000723098 s/step",,,,,,,,,,,,,,,,,,,,,,,,,,,,,,,,,,,,,,,,,,,,,,,,,,,,,,,,,70.035 (14007 timesteps),0.000256062 s,0.198639 s
14,14007,3502,70.03500366210938,12.590567551000277,14008,50.0,8,0.0001,10.0,0.005,24.180049044000043,14,0.24546866593449115,70.03500366210938,0,3502,11.589481492999766,14008,td_sampling_convergence_sweep/gradients/interval_004/rep02.npy,0.9854065008104876,0.04981527950956413,0.17231625371230622,24.33834792199923,td_sampling_convergence_sweep/logs/interval_004/rep02.log,2026-08-09T09:54:55.677913+00:00,DESKTOP-T9UAKPN,2000.0,520.51171875,time-domain,67.5,,,,,,,,,,,,,"32.4% done in 4.0s, 8.4s to go",,,,,,,,,,,,,,,,,,,,,,,,,,,,,,,,,,,,,,,"64.7% done in 8.0s, 4.4s to go",,,,,,,,,,,,,,,,,,,,,,,,,,,,,,,,,,,,,,,,,,"96.9% done in 12.0s, 0.4s to go",,,,1,1,3.9.23,2,4,moderate,"(0,-1.65,0)",70.035): 6.213486703206159e-09 / 0.3082529391627392 = 2.0157104487252943e-08,,,,,,,,,,,,,"52.62), 0.000810616 s/step",,,,,,,,,,,,,,,,,,,,,,,,,,,,,,,,,,,,,,,,,,,,,,,,,,,,"67.88), 0.000885758 s/step",,,,,,,,,,,,,,,,,,,,,,,,,,"22.69), 0.000881506 s/step",,,,,,,,,,,,,,,,,,,,,,,,,,,,,,,,,,,,,,,,,,,,,,"27.94), 0.00071597 s/step",,,,,,,,,,,,,,,,,,,,,,,,,,,,,,,,"45.295), 0.000884813 s/step",,,,,,,,,,,,,,,,,,,,,70.035 (14007 timesteps),0.000221014 s,0.198489 s
15,14007,584,70.03500366210938,10.836051575002784,14008,50.0,8,0.0001,10.0,0.005,20.88341252400278,15,0.24546866593449115,70.03500366210938,0,584,10.047360948999994,14008,td_sampling_convergence_sweep/gradients/interval_024/rep02.npy,0.7045934085755273,0.04014308905531952,0.7182544172819201,20.96611411000049,td_sampling_convergence_sweep/logs/interval_024/rep02.log,2026-08-09T09:55:16.405573+00:00,DESKTOP-T9UAKPN,2000.0,186.7421875,time-domain,67.5,,,,,,,,,,,,,,,,,,,,,,,,,,,,,,,,,"38.0% done in 4.0s, 6.5s to go",,,,,,,,,,,,,,,,,,,,,,,,,,,,,,,,,,,,,,,,,,,"75.4% done in 8.0s, 2.6s to go",,,,,,,,,,,,,,,,,,,,,,1,1,3.9.23,2,24,moderate,"(0,-1.65,0)",70.035): 6.213486703206159e-09 / 0.3082529391627392 = 2.0157104487252943e-08,,,,,,,,,,,,,,,,"52.815), 0.000763632 s/step",,,,,,,,,,,,,,,,,,,,,,,,,,,,,,,"60.765), 0.000611294 s/step",,,,,,,,,,,,,,,,,,,,,,,,,,,,,,,,,,,,,,,,,,,,,,,,,,,,,,,,,,,,,,,,,,,,,,,,,,,,"26.62), 0.000751339 s/step",,,,,,,,,,,,,,,"28.045), 0.000713159 s/step",,,,,,,,,,,,,,,,,,,,,,,,,,,,,,,,,,,,,,,,,,,,,,,,,,,,70.035 (14007 timesteps),0.000226974 s,0.195927 s
16,14007,7004,70.03500366210938,14.492342790999828,14008,50.0,8,0.0001,10.0,0.005,28.21848831600073,16,0.24546866593449115,70.03500366210938,0,7004,13.726145525000902,14008,td_sampling_convergence_sweep/gradients/interval_002/rep02.npy,0.9983316601007743,0.04944656130357274,0.05809288911194627,28.461733975000243,td_sampling_convergence_sweep/logs/interval_002/rep02.log,2026-08-09T09:55:44.676727+00:00,DESKTOP-T9UAKPN,2000.0,922.6796875,time-domain,67.5,,,,,,,,"27.9% done in 4.0s, 10.3s to go",,,,,,,,,,,,,,,,,,,,,,,,,,,,,,,,,,,,,,,,,"60.1% done in 8.0s, 5.3s to go",,,,,,,,,,,,,,,,,,,,,,,,,,,,,,,,,,,,,,,,,,,"87.8% done in 12.0s, 1.7s to go",,,,,,1,1,3.9.23,2,2,moderate,"(0,-1.65,0)",70.035): 6.213486703206159e-09 / 0.3082529391627392 = 2.0157104487252943e-08,,,,,,,,,,,,,,,,,,,,,,,,,,,,,,,,,,,,,,,,,,,,,,,,,,,,,,"61.515), 0.00103122 s/step","62.22), 0.000972973 s/step",,,,,,,,,,,,,,,,,,,,,,,,,,"19.57), 0.00102199 s/step",,,"20.85), 0.000959285 s/step",,,,,,,,,,,,,,,,,,,,,,,,,,,,,,,,,,,,,,,,,,,,,,,,,,,,,,,,,,,,,,,,,,,,,,,,,,,,,,"41.66), 0.000961295 s/step",,,,"42.12), 0.000887059 s/step",,,,,,,,,,,,,,,,,,,,,,,,70.035 (14007 timesteps),0.00022316 s,0.196209 s
17,14007,1168,70.03500366210938,11.284899561000202,14008,50.0,8,0.0001,10.0,0.005,21.81647242300096,17,0.24546866593449115,70.03500366210938,0,1168,10.531572862000758,14008,td_sampling_convergence_sweep/gradients/interval_012/rep03.npy,0.9854554965893809,0.046764457692151117,0.17354682324691106,21.908336267999402,td_sampling_convergence_sweep/logs/interval_012/rep03.log,2026-08-09T09:56:06.915736+00:00,DESKTOP-T9UAKPN,2000.0,253.5078125,time-domain,67.5,,,,,,,,,,,,,,,,,,,,,"36.1% done in 4.0s, 7.1s to go",,,,,,,,,,,,,,,,,,,,,,,,,,,,,,,,,,,,,,,,,,,,,"72.2% done in 8.0s, 3.1s to go",,,,,,,,,,,,,,,,,,,,,,,,,,,,,,,,1,1,3.9.23,3,12,moderate,"(0,-1.65,0)",70.035): 6.213486703206159e-09 / 0.3082529391627392 = 2.0157104487252943e-08,,"50.57), 0.000792008 s/step",,,,,,,,,,,,,,,,,,,,,,"54.11), 0.000732907 s/step",,,,,,,,,,,,,,,,,,,,,,,,,,,,,,,,,,,,,,,,,,,,,,,,,,,,,,,,,,,,,,,,,,,,,,,,,,,,,,,,,"25.315), 0.000790113 s/step",,,,,,,,,,,,,,,,,,,"26.82), 0.000745922 s/step",,,,,,,,,,,,,,,,,,,,,,,,,,,,,,,,,,,,,,,,,,,,,,,,,,,,,,,,,,,,,,,,,,70.035 (14007 timesteps),0.000228882 s,0.196433 s
18,14007,584,70.03500366210938,10.809589831998892,14008,50.0,8,0.0001,10.0,0.005,20.888861382998584,18,0.24546866593449115,70.03500366210938,0,584,10.079271550999692,14008,td_sampling_convergence_sweep/gradients/interval_024/rep03.npy,0.7045934085755273,0.04014308905531952,0.7182544172819201,20.970933974997024,td_sampling_convergence_sweep/logs/interval_024/rep03.log,2026-08-09T09:56:27.715596+00:00,DESKTOP-T9UAKPN,2000.0,186.9453125,time-domain,67.5,,,,,,,,,,,,,,,,,,,,,,,,,,,,,,,,"38.0% done in 4.0s, 6.5s to go",,,,,,,,,,,,,,,,,,,,,,,,,,,,,,,,,,,,,,,,,,,"75.4% done in 8.0s, 2.6s to go",,,,,,,,,,,,,,,,,,,,,,,1,1,3.9.23,3,24,moderate,"(0,-1.65,0)",70.035): 6.213486703206159e-09 / 0.3082529391627392 = 2.0157104487252943e-08,,,,,,,,,,,,,,,"52.81), 0.000763489 s/step",,,,,,,,,,,,,,,,,,,,,,,,,,,,,"60.415), 0.000706542 s/step",,,,,,,,,,,,,,,,,,,,,,,,,,,,,,,,,,,,,,,,,,,,,,,,,,,,,,,,,,,,,,,,,,,,,,,,,,,,,"26.61), 0.000751651 s/step",,,,,,,,,,,,,,,,,,,,,,,,,,,,,,"32.105), 0.000622999 s/step",,,,,,,,,,,,,,,,,,,,,,,,,,,,,,,,,,,,,,,70.035 (14007 timesteps),0.000226974 s,0.201631 s
19,14007,1751,70.03500366210938,11.361232736999227,14008,50.0,8,0.0001,10.0,0.005,22.051933565999207,19,0.24546866593449115,70.03500366210938,0,1751,10.69070082899998,14008,td_sampling_convergence_sweep/gradients/interval_008/rep03.npy,0.9255610519602269,0.05003194403488025,0.3893951523907043,22.159819631000573,td_sampling_convergence_sweep/logs/interval_008/rep03.log,2026-08-09T09:56:49.687502+00:00,DESKTOP-T9UAKPN,2000.0,320.47265625,time-domain,67.5,,,,,,,,,,,,,,,,,,,,,,,,,,,,,,,,,,,,"40.9% done in 4.0s, 5.8s to go",,,,,,,,,,,,,,,,,,,,,,,,,,,,,,,,,,,,,,,,,,,"76.7% done in 8.0s, 2.4s to go",,,,,,,,,,,,,,,,,,,1,1,3.9.23,3,8,moderate,"(0,-1.65,0)",70.035): 6.213486703206159e-09 / 0.3082529391627392 = 2.0157104487252943e-08,,,,,,,,,,,,,,,,,,,,"53.31), 0.000745825 s/step",,"53.705), 0.000798432 s/step",,,,,,,,,,,,,,,,,,,,,,,,,,,,,,,,,,,,,,,,,,,,,,,,,,,,,,,,,,,,,,,,,,,,,,,,,,,,,,,,,,,,,,,,,,,,,,,,,,"26.49), 0.000755102 s/step",,,,,,,,,,,,,,,,,,,"28.655), 0.000698029 s/step",,,,,,,,,,,,,,,,,,,,,,,,,,,,,,,,,,,,,,,,,,,,,,,,,,,70.035 (14007 timesteps),0.000218153 s,0.198754 s
20,14007,14008,70.03500366210938,18.498892304000037,14008,50.0,8,0.0001,10.0,0.005,36.323921446000895,20,0.24546866593449115,70.03500366210938,0,14008,17.825029142000858,14008,td_sampling_convergence_sweep/gradients/interval_001/rep03.npy,1.0,0.04921397704018253,0.0,36.748583667002094,td_sampling_convergence_sweep/logs/interval_001/rep03.log,2026-08-09T09:57:26.266962+00:00,DESKTOP-T9UAKPN,2000.0,1726.33203125,time-domain,67.5,,,,,"24.3% done in 4.0s, 12.5s to go",,,,,,,,,,,,,,,,,,,,,,,,,,,,,,,,,,,,,,,"46.3% done in 8.0s, 9.3s to go",,,,,,,,,,,,,,,,"68.4% done in 12.0s, 5.5s to go",,,,,,,,,,,,,,,,,,,,,,,,,,,,,,,,,"90.3% done in 16.0s, 1.7s to go",,,,,1,1,3.9.23,3,1,moderate,"(0,-1.65,0)",70.035): 6.213486703206159e-09 / 0.3082529391627392 = 2.0157104487252943e-08,,,,,,,,,,,,,,,,,,,,,,,,,,,,,,,,,,,,,,,,,,,,,,,,,,,,,,,,,,,"63.25), 0.00130541 s/step","63.465), 0.0012647 s/step",,,,,,,,,,,,,"16.11), 0.00124174 s/step",,,,,"17.01), 0.00117595 s/step",,,,,,,,,,,,,,,,,,,,,,,,,,,,,,,,,,,,,,,,,,,,,,,,,,,,,,,,,,,,,,,,,,,,,,,,"31.99), 0.00125977 s/step",,,"32.425), 0.00129777 s/step",,,,,,,,,,,,,,,,,,,,,,,,,"47.65), 0.00127724 s/step","47.925), 0.00129038 s/step",,,,,,,,,,,70.035 (14007 timesteps),0.000221968 s,0.19733 s
21,14007,3502,70.03500366210938,12.775167995001539,14008,50.0,8,0.0001,10.0,0.005,24.780506456001604,21,0.24546866593449115,70.03500366210938,0,3502,12.005338461000065,14008,td_sampling_convergence_sweep/gradients/interval_004/rep03.npy,0.9854065008104876,0.04981527950956413,0.17231625371230622,24.931212485997094,td_sampling_convergence_sweep/logs/interval_004/rep03.log,2026-08-09T09:57:51.044250+00:00,DESKTOP-T9UAKPN,2000.0,521.40234375,time-domain,67.5,,,,,,,,,,,"31.7% done in 4.0s, 8.6s to go",,,,,,,,,,,,,,,,,,,,,,,,,,,,,,,,,,,,,,,,,,,,,,,,"67.6% done in 8.0s, 3.8s to go",,,,,,,,,,,,,,,,,,,,,,,,,,,,,,,,,,,,,,"99.3% done in 12.0s, 0.1s to go",1,1,3.9.23,3,4,moderate,"(0,-1.65,0)",70.035): 6.213486703206159e-09 / 0.3082529391627392 = 2.0157104487252943e-08,,,,,,,,,,,,,,,,,,,,,,,,,,,,,,,,,,,,,,,,,,,,,,,,,,,,,,,,,,,,,,,,,,,,"69.565), 0.000900746 s/step",,,,,,,,,,,,,,,,,,,,,"22.235), 0.000899505 s/step",,,,,,"23.68), 0.000844837 s/step",,,,,,,,,,,,,,,,,,,,,,,,,,,,,,,,,,,,,,,,,,,,,,,,,,,,,,,,,,,,,,,,,,,,,,,,,,,,,,,,,"47.36), 0.000796255 s/step","47.46), 0.000841268 s/step",,,,,,,,,,,,,70.035 (14007 timesteps),0.000238895 s,0.197343 s
22,14007,7004,70.03500366210938,14.654843198997696,14008,50.0,8,0.0001,10.0,0.005,28.301615809996292,22,0.24546866593449115,70.03500366210938,0,7004,13.646772610998596,14008,td_sampling_convergence_sweep/gradients/interval_002/rep03.npy,0.9983316601007743,0.04944656130357274,0.05809288911194627,28.54646256700289,td_sampling_convergence_sweep/logs/interval_002/rep03.log,2026-08-09T09:58:19.428913+00:00,DESKTOP-T9UAKPN,2000.0,922.3671875,time-domain,67.5,,,,,,"27.6% done in 4.0s, 10.5s to go",,,,,,,,,,,,,,,,,,,,,,,,,,,,,,,,,,,,,,,,"55.5% done in 8.0s, 6.4s to go",,,,,,,,,,,,,,,,,,,,,,,,,,,,,,,,,,,,,,,,"86.4% done in 12.0s, 1.9s to go",,,,,,,,,,,,1,1,3.9.23,3,2,moderate,"(0,-1.65,0)",70.035): 6.213486703206159e-09 / 0.3082529391627392 = 2.0157104487252943e-08,,,,,,,,,,,,,,,,,,,,,,,,,,,,,,,,,,,,,,,,,,,,,"60.545), 0.00092363 s/step",,,,,,,,,,,,"62.63), 0.000967275 s/step",,,,,,,,,,,,,,,,,,,,,,"19.31), 0.00103592 s/step",,,,,,"20.88), 0.000958115 s/step",,,,,,,,,,,,,,,,,,,,,,,,,,,,,,,,,,,,,,,,,,,,,,,,,,,,,,,,,,,,,,,,,,,,,,,,,"38.885), 0.00102174 s/step",,,,,,,"41.95), 0.000949239 s/step",,,,,,,,,,,,,,,,,,,,,,,,,70.035 (14007 timesteps),0.000221968 s,0.199948 s
23,14007,701,70.03500366210938,11.029581134000182,14008,50.0,8,0.0001,10.0,0.005,21.309586612002022,23,0.24546866593449115,70.03500366210938,0,701,10.28000547800184,14008,td_sampling_convergence_sweep/gradients/interval_020/rep03.npy,0.9258300361568527,0.04217545079312086,0.38416000943139705,21.40690491100031,td_sampling_convergence_sweep/logs/interval_020/rep03.log,2026-08-09T09:58:41.162118+00:00,DESKTOP-T9UAKPN,2000.0,199.3046875,time-domain,67.5,,,,,,,,,,,,,,,,,,,,,,,,,"37.1% done in 4.0s, 6.8s to go",,,,,,,,,,,,,,,,,,,,,,,,,,,,,,,,,,,,,,,,,,,,"74.1% done in 8.0s, 2.8s to go",,,,,,,,,,,,,,,,,,,,,,,,,,,,,1,1,3.9.23,3,20,moderate,"(0,-1.65,0)",70.035): 6.213486703206159e-09 / 0.3082529391627392 = 2.0157104487252943e-08,,,,,,,"51.885), 0.000772905 s/step",,,,,,,,,,,,,,,,,,,,,,,,,,"55.6), 0.00071821 s/step",,,,,,,,,,,,,,,,,,,,,,,,,,,,,,,,,,,,,,,,,,,,,,,,,,,,,,,,,,,,,,,,,,,,,,,,,,,,,,"26.005), 0.000769141 s/step",,,,,,,,,,,,,,,,,,,,,,,"27.75), 0.000720815 s/step",,,,,,,,,,,,,,,,,,,,,,,,,,,,,,,,,,,,,,,,,,,,,,,,,,,,,,,,70.035 (14007 timesteps),0.000240803 s,0.196897 s
24,14007,876,70.03500366210938,10.966778470999998,14008,50.0,8,0.0001,10.0,0.005,21.29503204499997,24,0.24546866593449115,70.03500366210938,0,876,10.328253573999973,14008,td_sampling_convergence_sweep/gradients/interval_016/rep03.npy,0.9257108149257343,0.04544627336960829,0.37823885681977387,21.379020974000014,td_sampling_convergence_sweep/logs/interval_016/rep03.log,2026-08-09T09:59:02.397000+00:00,DESKTOP-T9UAKPN,2000.0,219.62890625,time-domain,67.5,,,,,,,,,,,,,,,,,,,,,,,,,,,,,,"37.6% done in 4.0s, 6.6s to go",,,,,,,,,,,,,,,,,,,,,,,,,,,,,,,,,,,,,,,,,,,"74.6% done in 8.0s, 2.7s to go",,,,,,,,,,,,,,,,,,,,,,,,,1,1,3.9.23,3,16,moderate,"(0,-1.65,0)",70.035): 6.213486703206159e-09 / 0.3082529391627392 = 2.0157104487252943e-08,,,,,,,,,,,"52.285), 0.000770957 s/step",,,,,,,,,,,,,,,,,,,,,,,,,,,,,,"58.54), 0.000643112 s/step",,,,,,,,,,,,,,,,,,,,,,,,,,,,,,,,,,,,,,,,,,,,,,,,,,,,,,,,,,,,,,,,,,,,,,,,,,,,"26.34), 0.00075934 s/step",,,,,,,,,,,,,,"27.44), 0.000728966 s/step",,,,,,,,,,,,,,,,,,,,,,,,,,,,,,,,,,,,,,,,,,,,,,,,,,,,,,,,,,,70.035 (14007 timesteps),0.000232935 s,0.19661 s
25,14007,876,70.03500366210938,11.00055363499996,14008,50.0,8,0.0001,10.0,0.005,21.423734355998022,25,0.24546866593449115,70.03500366210938,0,876,10.423180720998062,14008,td_sampling_convergence_sweep/gradients/interval_016/rep04.npy,0.9257108149257343,0.04544627336960829,0.37823885681977387,21.507593647002068,td_sampling_convergence_sweep/logs/interval_016/rep04.log,2026-08-09T09:59:23.760983+00:00,DESKTOP-T9UAKPN,2000.0,219.61328125,time-domain,67.5,,,,,,,,,,,,,,,,,,,,,,,,"37.0% done in 4.0s, 6.8s to go",,,,,,,,,,,,,,,,,,,,,,,,,,,,,,,,,,,,,,,,,,,,,,,,,,,,,,,,,"78.3% done in 8.0s, 2.2s to go",,,,,,,,,,,,,,,,,1,1,3.9.23,4,16,moderate,"(0,-1.65,0)",70.035): 6.213486703206159e-09 / 0.3082529391627392 = 2.0157104487252943e-08,,,,,,,,,,,,,,,,,,,,,,,,,,,"54.81), 0.000726999 s/step","54.825), 0.000692604 s/step",,,,,,,,,,,,,,,,,,,,,,,,,,,,,,,,,,,,,,,,,,,,,,,,,,,,,,,,,,,,,,,,,,,,,,,,,,,,,,,,,,"25.945), 0.000770902 s/step",,,,,,,,,,,,,,,,,,"27.295), 0.00073277 s/step",,,,,,,,,,,,,,,,,,,,,,,,,,,,,,,,,,,,,,,,,,,,,,,,,,,,,,,,,,,,,,70.035 (14007 timesteps),0.000231981 s,0.199722 s
26,14007,3502,70.03500366210938,12.480398298001091,14008,50.0,8,0.0001,10.0,0.005,24.272232081002585,26,0.24546866593449115,70.03500366210938,0,3502,11.791833783001493,14008,td_sampling_convergence_sweep/gradients/interval_004/rep04.npy,0.9854065008104876,0.04981527950956413,0.17231625371230622,24.426163787000405,td_sampling_convergence_sweep/logs/interval_004/rep04.log,2026-08-09T09:59:48.505378+00:00,DESKTOP-T9UAKPN,2000.0,520.91796875,time-domain,67.5,,,,,,,,,,,,,,,"32.6% done in 4.0s, 8.3s to go",,,,,,,,,,,,,,,,,,,,,,,,,,,,,,,,,,,,,,,"65.3% done in 8.0s, 4.3s to go",,,,,,,,,,,,,,,,,,,,,,,,,,,,,,,,,,,,,,,,,"97.8% done in 12.0s, 0.3s to go",,,1,1,3.9.23,4,4,moderate,"(0,-1.65,0)",70.035): 6.213486703206159e-09 / 0.3082529391627392 = 2.0157104487252943e-08,,,,,,,,,,,,,,,,,,,,,,,,,,,,,,,,,,,,,,,,,,,,,,,,,,,,,,,,,,,,,,,,,,"68.485), 0.000879004 s/step",,,,,,,,,,,,,,,,,,,,,,,,,,,"22.86), 0.000875158 s/step",,,,,,"24.34), 0.000821774 s/step",,,,,,,,,,,,,,,,,,,,,,,,,,,,,,,,,,,,,,,,,,,,,,,,,,,,,,,,,,,,,,,,,,,,,,,,"45.73), 0.00087457 s/step",,,,,,,,,,,"48.375), 0.000832224 s/step",,,,,,,,70.035 (14007 timesteps),0.000249863 s,0.201393 s
27,14007,701,70.03500366210938,10.974735431998852,14008,50.0,8,0.0001,10.0,0.005,21.652664537999954,27,0.24546866593449115,70.03500366210938,0,701,10.677929106001102,14008,td_sampling_convergence_sweep/gradients/interval_020/rep04.npy,0.9258300361568527,0.04217545079312086,0.38416000943139705,21.746910000001662,td_sampling_convergence_sweep/logs/interval_020/rep04.log,2026-08-09T10:00:10.108370+00:00,DESKTOP-T9UAKPN,2000.0,199.65625,time-domain,67.5,,,,,,,,,,,,,,,,,,,,,,,,,,,,"37.4% done in 4.0s, 6.7s to go",,,,,,,,,,,,,,,,,,,,,,,,,,,,,,,,,,,,,,,,,,,"74.4% done in 8.0s, 2.7s to go",,,,,,,,,,,,,,,,,,,,,,,,,,,1,1,3.9.23,4,20,moderate,"(0,-1.65,0)",70.035): 6.213486703206159e-09 / 0.3082529391627392 = 2.0157104487252943e-08,,,,,,,,,"52.145), 0.000770926 s/step",,,,,,,,,,,,,,,,,,,,,,,,,,,,,,"56.57), 0.000747339 s/step",,,,,,,,,,,,,,,,,,,,,,,,,,,,,,,,,,,,,,,,,,,,,,,,,,,,,,,,,,,,,,,,,,,,,,,,,,,,"26.2), 0.000763438 s/step",,,,,,,,,,,,,,,,,,,,,,,,,,,,"29.805), 0.000671069 s/step",,,,,,,,,,,,,,,,,,,,,,,,,,,,,,,,,,,,,,,,,,,,,,,70.035 (14007 timesteps),0.000225067 s,0.200492 s
28,14007,14008,70.03500366210938,19.398355323999567,14008,50.0,8,0.0001,10.0,0.005,37.12699034199977,28,0.24546866593449115,70.03500366210938,0,14008,17.728635018000205,14008,td_sampling_convergence_sweep/gradients/interval_001/rep04.npy,1.0,0.04921397704018253,0.0,37.55560152399994,td_sampling_convergence_sweep/logs/interval_001/rep04.log,2026-08-09T10:00:47.541249+00:00,DESKTOP-T9UAKPN,2000.0,1726.53515625,time-domain,67.5,"21.2% done in 4.0s, 14.8s to go",,,,,,,,,,,,,,,,,,,,,,,,,,,,,,,,,,,,,,"42.0% done in 8.0s, 11.1s to go",,,,,,,,,,,"62.9% done in 12.0s, 7.1s to go",,,,,,,,,,,,,,,,,,,,,,,,,,,,,,,,,,"83.5% done in 16.0s, 3.2s to go",,,,,,,,,,,,,,1,1,3.9.23,4,1,moderate,"(0,-1.65,0)",70.035): 6.213486703206159e-09 / 0.3082529391627392 = 2.0157104487252943e-08,,,,,,,,,,,,,,,,,,,,,,,,,,,,,,,,,,,,,,,,"58.485), 0.00138672 s/step",,,,,,,,,,,,,,,,,,,,,,"65.845), 0.00116438 s/step",,,,,,,"14.89), 0.00134343 s/step",,,,,,"16.285), 0.00122848 s/step",,,,,,,,,,,,,,,,,,,,,,,,,,,,,,,,,,,,,,,,,,,,,,,,,,,,,,,,,,,,,,,,,,,"29.42), 0.00137663 s/step",,,,,,,,,,,,"32.49), 0.0012343 s/step",,,,,,,,,,,,,"44.06), 0.00136655 s/step",,,,,,,,,,,,,,,,"48.665), 0.00123682 s/step",,,,,,,70.035 (14007 timesteps),0.000222921 s,0.196768 s
29,14007,584,70.03500366210938,12.40866522899887,14008,50.0,8,0.0001,10.0,0.005,23.114895669998077,29,0.24546866593449115,70.03500366210938,0,584,10.706230440999207,14008,td_sampling_convergence_sweep/gradients/interval_024/rep04.npy,0.7045934085755273,0.04014308905531952,0.7182544172819201,23.215637799999968,td_sampling_convergence_sweep/logs/interval_024/rep04.log,2026-08-09T10:01:10.608219+00:00,DESKTOP-T9UAKPN,2000.0,185.95703125,time-domain,67.5,,,,,,,,,,,,,,"32.5% done in 4.0s, 8.3s to go",,,,,,,,,,,,,,,,,,,,,,,,,,,,,,,,,,,,,,,,,,,"65.7% done in 8.0s, 4.2s to go",,,,,,,,,,,,,,,,,,,,,,,,,,,,,,,,,,,,,,,"98.6% done in 12.0s, 0.2s to go",,1,1,3.9.23,4,24,moderate,"(0,-1.65,0)",70.035): 6.213486703206159e-09 / 0.3082529391627392 = 2.0157104487252943e-08,,,,,,,,,,,,,,,,,,,,,,,"53.725), 0.000737796 s/step",,,,,,,,,,,,,,,,,,,,,,,,,,,,,,,,,,,,,,,,,,,,"69.045), 0.00086768 s/step",,,,,,,,,,,,,,,,,,,,,,,,,"22.79), 0.000877588 s/step",,,,,,,,,,,,,,,,,,,,,,,,,,,,,,"26.615), 0.00075154 s/step",,,,,,,,,,,,,,,,,,,,,,,,,,,,,,,,,,,,,,,,,,,,,,,,,,,,"45.995), 0.000861941 s/step",,,,,,,,,,,,,,,,70.035 (14007 timesteps),0.000222921 s,0.212458 s
30,14007,7004,70.03500366210938,14.895025251000334,14008,50.0,8,0.0001,10.0,0.005,28.843319439998595,30,0.24546866593449115,70.03500366210938,0,7004,13.948294188998261,14008,td_sampling_convergence_sweep/gradients/interval_002/rep04.npy,0.9983316601007743,0.04944656130357274,0.05809288911194627,29.08996553900215,td_sampling_convergence_sweep/logs/interval_002/rep04.log,2026-08-09T10:01:39.590127+00:00,DESKTOP-T9UAKPN,2000.0,922.67578125,time-domain,67.5,,,,,,,,,,"31.1% done in 4.0s, 8.9s to go",,,,,,,,,,,,,,,,,,,,,,,,,,,,,,,,,,,,,"57.5% done in 8.0s, 5.9s to go",,,,,,,,,,,,,,,,,,,,,,,,,,,,,,,,,,,,,,"85.3% done in 12.0s, 2.1s to go",,,,,,,,,,,,,1,1,3.9.23,4,2,moderate,"(0,-1.65,0)",70.035): 6.213486703206159e-09 / 0.3082529391627392 = 2.0157104487252943e-08,,,,,,,,,,,,,,,,,,,,,,,,,,,,,,,,,,,,,,,,,,,"59.74), 0.00102716 s/step",,,,,,,,,,"61.285), 0.000988977 s/step",,,,,,,,,,,,,,,,,,,,,,,,,,,,,,"20.035), 0.000998295 s/step",,,,,"21.765), 0.000919021 s/step",,,,,,,,,,,,,,,,,,,,,,,,,,,,,,,,,,,,,,,,,,,,,,,,,,,,,,,,,,,,,,,,,,,,,,,"40.265), 0.00108122 s/step","41.06), 0.000951493 s/step",,,,,,,,,,,,,,,,,,,,,,,,,,,,,,70.035 (14007 timesteps),0.000246048 s,0.198418 s
31,14007,1751,70.03500366210938,12.264164295000228,14008,50.0,8,0.0001,10.0,0.005,23.651946027999657,31,0.24546866593449115,70.03500366210938,0,1751,11.387781732999429,14008,td_sampling_convergence_sweep/gradients/interval_008/rep04.npy,0.9255610519602269,0.05003194403488025,0.3893951523907043,23.764374729002157,td_sampling_convergence_sweep/logs/interval_008/rep04.log,2026-08-09T10:02:03.224545+00:00,DESKTOP-T9UAKPN,2000.0,320.33984375,time-domain,67.5,,,,,,,,,,,,,,,,"33.3% done in 4.0s, 8.0s to go",,,,,,,,,,,,,,,,,,,,,,,,,,,,,,,,,,,,,,,,,,"66.9% done in 8.0s, 4.0s to go",,,,,,,,,,,,,,,,,,,,,,,,,,,,,,,,,,,,,,,,1,1,3.9.23,4,8,moderate,"(0,-1.65,0)",70.035): 6.213486703206159e-09 / 0.3082529391627392 = 2.0157104487252943e-08,"50.325), 0.000776761 s/step",,,,,,,,,,,,,,,,,,,,,,,,,,,,,,,,,,,,,,,,,,,,,,,,,,,,,,,,,,,,,,,,,,,,,,,,,,,,,,,,,,,,,,,,,,,,,"23.36), 0.000856243 s/step",,,,,,,"24.575), 0.000813914 s/step",,,,,,,,,,,,,,,,,,,,,,,,,,,,,,,,,,,,,,,,,,,,,,,,,,,,,,,,,,,,,,,,,,,,,,,,,,"46.875), 0.000850584 s/step",,,,,,,,,,,,,,,70.035 (14007 timesteps),0.000226021 s,0.206628 s
32,14007,1168,70.03500366210938,11.2236429149998,14008,50.0,8,0.0001,10.0,0.005,21.650289722001617,32,0.24546866593449115,70.03500366210938,0,1168,10.426646807001816,14008,td_sampling_convergence_sweep/gradients/interval_012/rep04.npy,0.9854554965893809,0.046764457692151117,0.17354682324691106,21.772397085002012,td_sampling_convergence_sweep/logs/interval_012/rep04.log,2026-08-09T10:02:25.322096+00:00,DESKTOP-T9UAKPN,2000.0,253.5,time-domain,67.5,,,,,,,,,,,,,,,,,,,,,,"36.4% done in 4.0s, 7.0s to go",,,,,,,,,,,,,,,,,,,,,,,,,,,,,,,,,,,,,,,,,,,,,"73.2% done in 8.0s, 2.9s to go",,,,,,,,,,,,,,,,,,,,,,,,,,,,,,,1,1,3.9.23,4,12,moderate,"(0,-1.65,0)",70.035): 6.213486703206159e-09 / 0.3082529391627392 = 2.0157104487252943e-08,,,,"51.285), 0.000776513 s/step",,,,,,,,,,,,,,,,,,,,,,"54.77), 0.000723543 s/step",,,,,,,,,,,,,,,,,,,,,,,,,,,,,,,,,,,,,,,,,,,,,,,,,,,,,,,,,,,,,,,,,,,,,,,,,,,,,,,,,,"25.525), 0.000783558 s/step",,,,,,,,,,,,,,,,,,,"27.125), 0.00073736 s/step",,,,,,,,,,,,,,,,,,,,,,,,,,,,,,,,,,,,,,,,,,,,,,,,,,,,,,,,,,,,,,,70.035 (14007 timesteps),0.000236988 s,0.199829 s
33,14007,584,70.03500366210938,10.871329836001678,14008,50.0,8,0.0001,10.0,0.005,21.075572570003715,33,0.24546866593449115,70.03500366210938,0,584,10.204242734002037,14008,td_sampling_convergence_sweep/gradients/interval_024/rep05.npy,0.7045934085755273,0.04014308905531952,0.7182544172819201,21.156468042998313,td_sampling_convergence_sweep/logs/interval_024/rep05.log,2026-08-09T10:02:46.334280+00:00,DESKTOP-T9UAKPN,2000.0,186.12109375,time-domain,67.5,,,,,,,,,,,,,,,,,,,,,,,,,,,,,"37.6% done in 4.0s, 6.6s to go",,,,,,,,,,,,,,,,,,,,,,,,,,,,,,,,,,,,,,,,,,,,,"75.1% done in 8.0s, 2.6s to go",,,,,,,,,,,,,,,,,,,,,,,,1,1,3.9.23,5,24,moderate,"(0,-1.65,0)",70.035): 6.213486703206159e-09 / 0.3082529391627392 = 2.0157104487252943e-08,,,,,,,,,,,,,,"52.625), 0.000760613 s/step",,,,,,,,,,,,,,,,,,,,,,,,,,,,"59.195), 0.000634291 s/step",,,,,,,,,,,,,,,,,,,,,,,,,,,,,,,,,,,,,,,,,,,,,,,,,,,,,,,,,,,,,,,,,,,,,,,,,,"26.33), 0.000759599 s/step",,,,,,,,,,,,,,,,,"27.66), 0.000723176 s/step",,,,,,,,,,,,,,,,,,,,,,,,,,,,,,,,,,,,,,,,,,,,,,,,,,,,,,,,,70.035 (14007 timesteps),0.000236988 s,0.200018 s
34,14007,14008,70.03500366210938,18.62506472200039,14008,50.0,8,0.0001,10.0,0.005,36.074928969999746,34,0.24546866593449115,70.03500366210938,0,14008,17.449864247999358,14008,td_sampling_convergence_sweep/gradients/interval_001/rep05.npy,1.0,0.04921397704018253,0.0,36.50064398500035,td_sampling_convergence_sweep/logs/interval_001/rep05.log,2026-08-09T10:03:22.688078+00:00,DESKTOP-T9UAKPN,2000.0,1726.24609375,time-domain,67.5,,"21.6% done in 4.0s, 14.5s to go",,,,,,,,,,,,,,,,,,,,,,,,,,,,,,,,,,,,,,,,"43.5% done in 8.0s, 10.4s to go",,,,,,,,,,,,,"65.3% done in 12.0s, 6.4s to go",,,,,,,,,,,,,,,,,,,,,,,,,,,,,,,,,,"86.9% done in 16.0s, 2.4s to go",,,,,,,,,1,1,3.9.23,5,1,moderate,"(0,-1.65,0)",70.035): 6.213486703206159e-09 / 0.3082529391627392 = 2.0157104487252943e-08,,,,,,,,,,,,,,,,,,,,,,,,,,,,,,,,,,,,,,,,,,,,,,,,,"60.905), 0.00131935 s/step",,,,,,,,,,,,"65.02), 0.00124667 s/step",,,,,,,,,"15.14), 0.00132133 s/step",,,,,,,"16.52), 0.00121077 s/step",,,,,,,,,,,,,,,,,,,,,,,,,,,,,,,,,,,,,,,,,,,,,,,,,,,,,,,,,,,,,,,,,,,,,,"30.485), 0.00130337 s/step",,,,,,,,"32.88), 0.00122257 s/step",,,,,,,,,,,,,,,,,"45.745), 0.00131101 s/step",,,,,,,,,,,,,"48.975), 0.00124266 s/step",,,,,70.035 (14007 timesteps),0.000225067 s,0.201783 s
35,14007,701,70.03500366210938,11.075128368996957,14008,50.0,8,0.0001,10.0,0.005,21.265892255996732,35,0.24546866593449115,70.03500366210938,0,701,10.190763886999775,14008,td_sampling_convergence_sweep/gradients/interval_020/rep05.npy,0.9258300361568527,0.04217545079312086,0.38416000943139705,21.348581580001337,td_sampling_convergence_sweep/logs/interval_020/rep05.log,2026-08-09T10:03:43.881449+00:00,DESKTOP-T9UAKPN,2000.0,200.12109375,time-domain,67.5,,,,,,,,,,,,,,,,,,,,,,,,,,,,,,,,,,,,,"41.0% done in 4.0s, 5.8s to go",,,,,,,,,,,,,,,,,,,,,,,,,,,,,,,,,,,,,,,,,,,"78.1% done in 8.0s, 2.2s to go",,,,,,,,,,,,,,,,,,1,1,3.9.23,5,20,moderate,"(0,-1.65,0)",70.035): 6.213486703206159e-09 / 0.3082529391627392 = 2.0157104487252943e-08,,,,,,,,,,,,,,,,,,,,,,,,,"54.695), 0.000770059 s/step",,,,,,,,,,,"56.02), 0.000704229 s/step",,,,,,,,,,,,,,,,,,,,,,,,,,,,,,,,,,,,,,,,,,,,,,,,,,,,,,,,,,,,,,,,,,,,,,,,,,,,,,,,,,,,,,,,,,,,,,,,"27.62), 0.000724117 s/step",,,,,,,,"28.72), 0.000696538 s/step",,,,,,,,,,,,,,,,,,,,,,,,,,,,,,,,,,,,,,,,,,,,,,,,,,70.035 (14007 timesteps),0.00022316 s,0.197173 s
36,14007,3502,70.03500366210938,12.647418849999667,14008,50.0,8,0.0001,10.0,0.005,24.463818717998947,36,0.24546866593449115,70.03500366210938,0,3502,11.81639986799928,14008,td_sampling_convergence_sweep/gradients/interval_004/rep05.npy,0.9854065008104876,0.04981527950956413,0.17231625371230622,24.617769155000133,td_sampling_convergence_sweep/logs/interval_004/rep05.log,2026-08-09T10:04:08.349217+00:00,DESKTOP-T9UAKPN,2000.0,521.2890625,time-domain,67.5,,,,,,,,,,,,"32.0% done in 4.0s, 8.5s to go",,,,,,,,,,,,,,,,,,,,,,,,,,,,,,,,,,,,,,,"64.2% done in 8.0s, 4.5s to go",,,,,,,,,,,,,,,,,,,,,,,,,,,,,,,,,,,,,,,,,,,,,,,1,1,3.9.23,5,4,moderate,"(0,-1.65,0)",70.035): 6.213486703206159e-09 / 0.3082529391627392 = 2.0157104487252943e-08,,,,,,,,,,,,,,,,,,,,,,,,,,,,,,,,,,,,,,,,,,,,,,,,,,,,,,,,,,,,,,,,,,,,,,,,,,,,,,,,,,,,,,,,,,"22.44), 0.000891284 s/step",,,,,,,,"24.205), 0.000826363 s/step",,,,,,,,,,,,,,,,,,,,,,,,,,,,,,,,,,,,,,,,,,,,,,,,,,,,,,,,,,,,,,,,,,,,,,"44.98), 0.000887458 s/step",,,,,,,,,,,,,"48.095), 0.000837343 s/step",,,,,,,,,70.035 (14007 timesteps),0.00023818 s,0.208256 s
37,14007,1168,70.03500366210938,11.37911541199719,14008,50.0,8,0.0001,10.0,0.005,21.755588292999164,37,0.24546866593449115,70.03500366210938,0,1168,10.376472881001973,14008,td_sampling_convergence_sweep/gradients/interval_012/rep05.npy,0.9854554965893809,0.046764457692151117,0.17354682324691106,21.84928758499882,td_sampling_convergence_sweep/logs/interval_012/rep05.log,2026-08-09T10:04:30.527222+00:00,DESKTOP-T9UAKPN,2000.0,253.859375,time-domain,67.5,,,,,,,,,,,,,,,,,,,,,"36.1% done in 4.0s, 7.1s to go",,,,,,,,,,,,,,,,,,,,,,,,,,,,,,,,,,,,,,,,,,,,"71.4% done in 8.0s, 3.2s to go",,,,,,,,,,,,,,,,,,,,,,,,,,,,,,,,,1,1,3.9.23,5,12,moderate,"(0,-1.65,0)",70.035): 6.213486703206159e-09 / 0.3082529391627392 = 2.0157104487252943e-08,,,,,,,,,,,,,,,,,,,,,,,,,,,,,,,"55.13), 0.000720271 s/step",,,,,,,,,,,,,,,,,,,,,,,,,,,,,,,,,,,,,,,,,,,,,,,,,,,,,,,,,,,,,,,,,,,,,,,,,,"25.315), 0.000790137 s/step",,,,,,,,,,,,,,,,,,,,,,,,"27.36), 0.000731047 s/step",,,,,,,,,,,,,,,,,,,,,,,,,,,,,,,,,,,,,,,,,,,,,,,,,,,,,,,,,,,,"49.995), 0.000810405 s/step",70.035 (14007 timesteps),0.000228882 s,0.197188 s
38,14007,1751,70.03500366210938,11.569807150000997,14008,50.0,8,0.0001,10.0,0.005,22.639460367001448,38,0.24546866593449115,70.03500366210938,0,1751,11.06965321700045,14008,td_sampling_convergence_sweep/gradients/interval_008/rep05.npy,0.9255610519602269,0.05003194403488025,0.3893951523907043,22.749732326999947,td_sampling_convergence_sweep/logs/interval_008/rep05.log,2026-08-09T10:04:53.125247+00:00,DESKTOP-T9UAKPN,2000.0,320.609375,time-domain,67.5,,,,,,,,,,,,,,,,,,,"35.3% done in 4.0s, 7.3s to go",,,,,,,,,,,,,,,,,,,,,,,,,,,,,,,,,,,,,,,,,,,,"70.5% done in 8.0s, 3.3s to go",,,,,,,,,,,,,,,,,,,,,,,,,,,,,,,,,,,1,1,3.9.23,5,8,moderate,"(0,-1.65,0)",70.035): 6.213486703206159e-09 / 0.3082529391627392 = 2.0157104487252943e-08,,,,,"51.645), 0.000762202 s/step",,,,,,,,,,,,,,,,,,,,,,,,,,,,,,,,,,,,,,,,,,,,,,,,,,,,,,,,,,,,,,,,,,,,,,,,,,,,,,,,,,,,,,,,,,,,,,,,,,"24.72), 0.000809249 s/step",,,,"25.405), 0.000787277 s/step",,,,,,,,,,,,,,,,,,,,,,,,,,,,,,,,,,,,,,,,,,,,,,,,,,,,,,,,,,,,,,,,,,,,,,,,,,,,,,,"49.405), 0.000810347 s/step",,,,70.035 (14007 timesteps),0.000223875 s,0.200713 s
39,14007,7004,70.03500366210938,14.51613695099877,14008,50.0,8,0.0001,10.0,0.005,28.135893107999436,39,0.24546866593449115,70.03500366210938,0,7004,13.619756157000666,14008,td_sampling_convergence_sweep/gradients/interval_002/rep05.npy,0.9983316601007743,0.04944656130357274,0.05809288911194627,28.38081792700177,td_sampling_convergence_sweep/logs/interval_002/rep05.log,2026-08-09T10:05:21.361461+00:00,DESKTOP-T9UAKPN,2000.0,922.74609375,time-domain,67.5,,,,,,,,,"28.0% done in 4.0s, 10.3s to go",,,,,,,,,,,,,,,,,,,,,,,,,,,,,,,,,,,,,,,"59.4% done in 8.0s, 5.5s to go",,,,,,,,,,,,,,,,,,,,,,,,,,,,,,,,,,,,,,,,,,"87.2% done in 12.0s, 1.8s to go",,,,,,,,1,1,3.9.23,5,2,moderate,"(0,-1.65,0)",70.035): 6.213486703206159e-09 / 0.3082529391627392 = 2.0157104487252943e-08,,,,,,,,,,,,,,,,,,,,,,,,,,,,,,,,,,,,,,,,,,,,,,,,,,,"61.115), 0.00102414 s/step",,,,,,,"62.775), 0.000957961 s/step",,,,,,,,,,,,,,,,,,,,,,,,"19.61), 0.00101997 s/step",,,,"20.895), 0.000957228 s/step",,,,,,,,,,,,,,,,,,,,,,,,,,,,,,,,,,,,,,,,,,,,,,,,,,,,,,,,,,,,,,,,,,,,,,,,,,,"41.585), 0.000910269 s/step",,,"41.895), 0.000952392 s/step",,,,,,,,,,,,,,,,,,,,,,,,,,70.035 (14007 timesteps),0.000221968 s,0.196363 s
40,14007,876,70.03500366210938,11.035642901999381,14008,50.0,8,0.0001,10.0,0.005,21.90257597699747,40,0.24546866593449115,70.03500366210938,0,876,10.866933074998087,14008,td_sampling_convergence_sweep/gradients/interval_016/rep05.npy,0.9257108149257343,0.04544627336960829,0.37823885681977387,21.991455653998855,td_sampling_convergence_sweep/logs/interval_016/rep05.log,2026-08-09T10:05:43.684596+00:00,DESKTOP-T9UAKPN,2000.0,219.546875,time-domain,67.5,,,,,,,,,,,,,,,,,,,,,,,,,,"37.1% done in 4.0s, 6.8s to go",,,,,,,,,,,,,,,,,,,,,,,,,,,,,,,,,,,,,,,,,,,,"74.1% done in 8.0s, 2.8s to go",,,,,,,,,,,,,,,,,,,,,,,,,,,,1,1,3.9.23,5,16,moderate,"(0,-1.65,0)",70.035): 6.213486703206159e-09 / 0.3082529391627392 = 2.0157104487252943e-08,,,,,,,,"51.905), 0.000772739 s/step",,,,"52.5), 0.000756294 s/step",,,,,,,,,,,,,,,,,,,,,,,,,,,,,,,,,,,,,,,,,,,,,,,,,,,,,,,,,,,,,,,,,,,,,,,,,,,,,,,,,,,,,,,,,,,,,,,,,,,,"26.02), 0.000768722 s/step","26.055), 0.000767628 s/step",,,,,,,,,,,,,,,,,,,,,,,,,,,,,,,,,,,,,,,,,,,,,,,,,,,,,,,,,,,,,,,,,,,,,,,,,,,,,70.035 (14007 timesteps),0.000224829 s,0.197695 s
